,Unnamed: 0,emoji,date,count,colour
0,0,😂,2020-03-20,165,"rgb(249, 153, 145)"
1,1,🙏,2020-03-20,220,"rgb(18, 211, 33)"
2,2,👍,2020-03-20,95,"rgb(213, 136, 255)"
3,3,🤔,2020-03-20,75,"rgb(72, 121, 13)"
4,4,👏,2020-03-20,163,"rgb(254, 20, 251)"
5,5,❤️,2020-03-20,160,"rgb(120, 196, 237)"
6,6,😷,2020-03-20,92,"rgb(223, 127, 121)"
7,7,👇,2020-03-20,70,"rgb(82, 187, 133)"
8,8,🤣,2020-03-20,82,"rgb(196, 233, 222)"
9,9,🙄,2020-03-20,45,"rgb(133, 222, 204)"
10,10,😂,2020-03-27,145,"rgb(249, 153, 145)"
11,11,🙏,2020-03-27,195,"rgb(18, 211, 33)"
12,12,👍,2020-03-27,109,"rgb(213, 136, 255)"
13,13,🤔,2020-03-27,89,"rgb(72, 121, 13)"
14,14,👏,2020-03-27,136,"rgb(254, 20, 251)"
15,15,❤️,2020-03-27,125,"rgb(120, 196, 237)"
16,16,😷,2020-03-27,70,"rgb(223, 127, 121)"
17,17,👇,2020-03-27,57,"rgb(82, 187, 133)"
18,18,🤣,2020-03-27,68,"rgb(196, 233, 222)"
19,19,🙄,2020-03-27,35,"rgb(133, 222, 204)"
20,20,😂,2020-04-03,110,"rgb(249, 153, 145)"
21,21,🙏,2020-04-03,184,"rgb(18, 211, 33)"
22,22,👍,2020-04-03,131,"rgb(213, 136, 255)"
23,23,🤔,2020-04-03,66,"rgb(72, 121, 13)"
24,24,👏,2020-04-03,141,"rgb(254, 20, 251)"
25,25,❤️,2020-04-03,122,"rgb(120, 196, 237)"
26,26,😷,2020-04-03,47,"rgb(223, 127, 121)"
27,27,👇,2020-04-03,50,"rgb(82, 187, 133)"
28,28,🤣,2020-04-03,41,"rgb(196, 233, 222)"
29,29,🙄,2020-04-03,33,"rgb(133, 222, 204)"
30,30,😂,2020-04-10,107,"rgb(249, 153, 145)"
31,31,🙏,2020-04-10,150,"rgb(18, 211, 33)"
32,32,👍,2020-04-10,98,"rgb(213, 136, 255)"
33,33,🤔,2020-04-10,71,"rgb(72, 121, 13)"
34,34,👏,2020-04-10,128,"rgb(254, 20, 251)"
35,35,❤️,2020-04-10,80,"rgb(120, 196, 237)"
36,36,😷,2020-04-10,20,"rgb(223, 127, 121)"
37,37,👇,2020-04-10,61,"rgb(82, 187, 133)"
38,38,🤣,2020-04-10,37,"rgb(196, 233, 222)"
39,39,🙄,2020-04-10,48,"rgb(133, 222, 204)"
40,40,😂,2020-04-17,97,"rgb(249, 153, 145)"
41,41,🙏,2020-04-17,111,"rgb(18, 211, 33)"
42,42,👍,2020-04-17,78,"rgb(213, 136, 255)"
43,43,🤔,2020-04-17,69,"rgb(72, 121, 13)"
44,44,👏,2020-04-17,114,"rgb(254, 20, 251)"
45,45,❤️,2020-04-17,85,"rgb(120, 196, 237)"
46,46,😷,2020-04-17,25,"rgb(223, 127, 121)"
47,47,👇,2020-04-17,54,"rgb(82, 187, 133)"
48,48,🤣,2020-04-17,29,"rgb(196, 233, 222)"
49,49,🙄,2020-04-17,34,"rgb(133, 222, 204)"
50,50,😂,2020-04-24,94,"rgb(249, 153, 145)"
51,51,🙏,2020-04-24,117,"rgb(18, 211, 33)"
52,52,👍,2020-04-24,66,"rgb(213, 136, 255)"
53,53,🤔,2020-04-24,64,"rgb(72, 121, 13)"
54,54,👏,2020-04-24,83,"rgb(254, 20, 251)"
55,55,❤️,2020-04-24,69,"rgb(120, 196, 237)"
56,56,😷,2020-04-24,25,"rgb(223, 127, 121)"
57,57,👇,2020-04-24,42,"rgb(82, 187, 133)"
58,58,🤣,2020-04-24,41,"rgb(196, 233, 222)"
59,59,🙄,2020-04-24,34,"rgb(133, 222, 204)"
60,60,😂,2020-05-01,61,"rgb(249, 153, 145)"
61,61,🙏,2020-05-01,86,"rgb(18, 211, 33)"
62,62,👍,2020-05-01,67,"rgb(213, 136, 255)"
63,63,🤔,2020-05-01,60,"rgb(72, 121, 13)"
64,64,👏,2020-05-01,84,"rgb(254, 20, 251)"
65,65,❤️,2020-05-01,56,"rgb(120, 196, 237)"
66,66,😷,2020-05-01,26,"rgb(223, 127, 121)"
67,67,👇,2020-05-01,50,"rgb(82, 187, 133)"
68,68,🤣,2020-05-01,29,"rgb(196, 233, 222)"
69,69,🙄,2020-05-01,38,"rgb(133, 222, 204)"
70,70,😂,2020-05-08,87,"rgb(249, 153, 145)"
71,71,🙏,2020-05-08,72,"rgb(18, 211, 33)"
72,72,👍,2020-05-08,75,"rgb(213, 136, 255)"
73,73,🤔,2020-05-08,75,"rgb(72, 121, 13)"
74,74,👏,2020-05-08,59,"rgb(254, 20, 251)"
75,75,❤️,2020-05-08,64,"rgb(120, 196, 237)"
76,76,😷,2020-05-08,32,"rgb(223, 127, 121)"
77,77,👇,2020-05-08,79,"rgb(82, 187, 133)"
78,78,🤣,2020-05-08,34,"rgb(196, 233, 222)"
79,79,🙄,2020-05-08,45,"rgb(133, 222, 204)"
80,80,😂,2020-05-15,61,"rgb(249, 153, 145)"
81,81,🙏,2020-05-15,64,"rgb(18, 211, 33)"
82,82,👍,2020-05-15,57,"rgb(213, 136, 255)"
83,83,🤔,2020-05-15,59,"rgb(72, 121, 13)"
84,84,👏,2020-05-15,63,"rgb(254, 20, 251)"
85,85,❤️,2020-05-15,41,"rgb(120, 196, 237)"
86,86,😷,2020-05-15,25,"rgb(223, 127, 121)"
87,87,👇,2020-05-15,41,"rgb(82, 187, 133)"
88,88,🤣,2020-05-15,39,"rgb(196, 233, 222)"
89,89,🙄,2020-05-15,19,"rgb(133, 222, 204)"
90,90,😂,2020-05-22,82,"rgb(249, 153, 145)"
91,91,🙏,2020-05-22,109,"rgb(18, 211, 33)"
92,92,👍,2020-05-22,60,"rgb(213, 136, 255)"
93,93,🤔,2020-05-22,72,"rgb(72, 121, 13)"
94,94,👏,2020-05-22,60,"rgb(254, 20, 251)"
95,95,❤️,2020-05-22,38,"rgb(120, 196, 237)"
96,96,😷,2020-05-22,20,"rgb(223, 127, 121)"
97,97,👇,2020-05-22,46,"rgb(82, 187, 133)"
98,98,🤣,2020-05-22,34,"rgb(196, 233, 222)"
99,99,🙄,2020-05-22,43,"rgb(133, 222, 204)"
100,100,😂,2020-05-29,46,"rgb(249, 153, 145)"
101,101,🙏,2020-05-29,56,"rgb(18, 211, 33)"
102,102,👍,2020-05-29,48,"rgb(213, 136, 255)"
103,103,🤔,2020-05-29,58,"rgb(72, 121, 13)"
104,104,👏,2020-05-29,34,"rgb(254, 20, 251)"
105,105,❤️,2020-05-29,29,"rgb(120, 196, 237)"
106,106,😷,2020-05-29,22,"rgb(223, 127, 121)"
107,107,👇,2020-05-29,39,"rgb(82, 187, 133)"
108,108,🤣,2020-05-29,27,"rgb(196, 233, 222)"
109,109,🙄,2020-05-29,24,"rgb(133, 222, 204)"
110,110,😂,2020-06-05,53,"rgb(249, 153, 145)"
111,111,🙏,2020-06-05,47,"rgb(18, 211, 33)"
112,112,👍,2020-06-05,43,"rgb(213, 136, 255)"
113,113,🤔,2020-06-05,42,"rgb(72, 121, 13)"
114,114,👏,2020-06-05,47,"rgb(254, 20, 251)"
115,115,❤️,2020-06-05,25,"rgb(120, 196, 237)"
116,116,😷,2020-06-05,32,"rgb(223, 127, 121)"
117,117,👇,2020-06-05,38,"rgb(82, 187, 133)"
118,118,🤣,2020-06-05,22,"rgb(196, 233, 222)"
119,119,🙄,2020-06-05,24,"rgb(133, 222, 204)"
120,120,😂,2020-06-12,48,"rgb(249, 153, 145)"
121,121,🙏,2020-06-12,53,"rgb(18, 211, 33)"
122,122,👍,2020-06-12,54,"rgb(213, 136, 255)"
123,123,🤔,2020-06-12,47,"rgb(72, 121, 13)"
124,124,👏,2020-06-12,48,"rgb(254, 20, 251)"
125,125,❤️,2020-06-12,27,"rgb(120, 196, 237)"
126,126,😷,2020-06-12,30,"rgb(223, 127, 121)"
127,127,👇,2020-06-12,34,"rgb(82, 187, 133)"
128,128,🤣,2020-06-12,22,"rgb(196, 233, 222)"
129,129,🙄,2020-06-12,25,"rgb(133, 222, 204)"
130,130,😂,2020-06-19,54,"rgb(249, 153, 145)"
131,131,🙏,2020-06-19,43,"rgb(18, 211, 33)"
132,132,👍,2020-06-19,46,"rgb(213, 136, 255)"
133,133,🤔,2020-06-19,39,"rgb(72, 121, 13)"
134,134,👏,2020-06-19,36,"rgb(254, 20, 251)"
135,135,❤️,2020-06-19,30,"rgb(120, 196, 237)"
136,136,😷,2020-06-19,27,"rgb(223, 127, 121)"
137,137,👇,2020-06-19,33,"rgb(82, 187, 133)"
138,138,🤣,2020-06-19,21,"rgb(196, 233, 222)"
139,139,🙄,2020-06-19,20,"rgb(133, 222, 204)"
140,140,😂,2020-06-26,49,"rgb(249, 153, 145)"
141,141,🙏,2020-06-26,44,"rgb(18, 211, 33)"
142,142,👍,2020-06-26,40,"rgb(213, 136, 255)"
143,143,🤔,2020-06-26,40,"rgb(72, 121, 13)"
144,144,👏,2020-06-26,33,"rgb(254, 20, 251)"
145,145,❤️,2020-06-26,20,"rgb(120, 196, 237)"
146,146,😷,2020-06-26,38,"rgb(223, 127, 121)"
147,147,👇,2020-06-26,30,"rgb(82, 187, 133)"
148,148,🤣,2020-06-26,24,"rgb(196, 233, 222)"
149,149,🙄,2020-06-26,29,"rgb(133, 222, 204)"
150,150,😂,2020-07-03,72,"rgb(249, 153, 145)"
151,151,🙏,2020-07-03,39,"rgb(18, 211, 33)"
152,152,👍,2020-07-03,45,"rgb(213, 136, 255)"
153,153,🤔,2020-07-03,51,"rgb(72, 121, 13)"
154,154,👏,2020-07-03,34,"rgb(254, 20, 251)"
155,155,❤️,2020-07-03,30,"rgb(120, 196, 237)"
156,156,😷,2020-07-03,36,"rgb(223, 127, 121)"
157,157,👇,2020-07-03,34,"rgb(82, 187, 133)"
158,158,🤣,2020-07-03,17,"rgb(196, 233, 222)"
159,159,🙄,2020-07-03,32,"rgb(133, 222, 204)"
160,160,😂,2020-07-10,61,"rgb(249, 153, 145)"
161,161,🙏,2020-07-10,40,"rgb(18, 211, 33)"
162,162,👍,2020-07-10,40,"rgb(213, 136, 255)"
163,163,🤔,2020-07-10,36,"rgb(72, 121, 13)"
164,164,👏,2020-07-10,35,"rgb(254, 20, 251)"
165,165,❤️,2020-07-10,30,"rgb(120, 196, 237)"
166,166,😷,2020-07-10,48,"rgb(223, 127, 121)"
167,167,👇,2020-07-10,33,"rgb(82, 187, 133)"
168,168,🤣,2020-07-10,19,"rgb(196, 233, 222)"
169,169,🙄,2020-07-10,28,"rgb(133, 222, 204)"
170,170,😂,2020-07-17,60,"rgb(249, 153, 145)"
171,171,🙏,2020-07-17,47,"rgb(18, 211, 33)"
172,172,👍,2020-07-17,45,"rgb(213, 136, 255)"
173,173,🤔,2020-07-17,30,"rgb(72, 121, 13)"
174,174,👏,2020-07-17,27,"rgb(254, 20, 251)"
175,175,❤️,2020-07-17,28,"rgb(120, 196, 237)"
176,176,😷,2020-07-17,43,"rgb(223, 127, 121)"
177,177,👇,2020-07-17,32,"rgb(82, 187, 133)"
178,178,🤣,2020-07-17,26,"rgb(196, 233, 222)"
179,179,🙄,2020-07-17,26,"rgb(133, 222, 204)"
180,180,😂,2020-07-24,72,"rgb(249, 153, 145)"
181,181,🙏,2020-07-24,37,"rgb(18, 211, 33)"
182,182,👍,2020-07-24,55,"rgb(213, 136, 255)"
183,183,🤔,2020-07-24,43,"rgb(72, 121, 13)"
184,184,👏,2020-07-24,25,"rgb(254, 20, 251)"
185,185,❤️,2020-07-24,18,"rgb(120, 196, 237)"
186,186,😷,2020-07-24,53,"rgb(223, 127, 121)"
187,187,👇,2020-07-24,32,"rgb(82, 187, 133)"
188,188,🤣,2020-07-24,29,"rgb(196, 233, 222)"
189,189,🙄,2020-07-24,34,"rgb(133, 222, 204)"
190,190,😂,2020-07-31,51,"rgb(249, 153, 145)"
191,191,🙏,2020-07-31,34,"rgb(18, 211, 33)"
192,192,👍,2020-07-31,47,"rgb(213, 136, 255)"
193,193,🤔,2020-07-31,32,"rgb(72, 121, 13)"
194,194,👏,2020-07-31,19,"rgb(254, 20, 251)"
195,195,❤️,2020-07-31,13,"rgb(120, 196, 237)"
196,196,😷,2020-07-31,41,"rgb(223, 127, 121)"
197,197,👇,2020-07-31,22,"rgb(82, 187, 133)"
198,198,🤣,2020-07-31,26,"rgb(196, 233, 222)"
199,199,🙄,2020-07-31,28,"rgb(133, 222, 204)"
200,200,😂,2020-08-07,40,"rgb(249, 153, 145)"
201,201,🙏,2020-08-07,35,"rgb(18, 211, 33)"
202,202,👍,2020-08-07,44,"rgb(213, 136, 255)"
203,203,🤔,2020-08-07,36,"rgb(72, 121, 13)"
204,204,👏,2020-08-07,23,"rgb(254, 20, 251)"
205,205,❤️,2020-08-07,24,"rgb(120, 196, 237)"
206,206,😷,2020-08-07,35,"rgb(223, 127, 121)"
207,207,👇,2020-08-07,28,"rgb(82, 187, 133)"
208,208,🤣,2020-08-07,33,"rgb(196, 233, 222)"
209,209,🙄,2020-08-07,28,"rgb(133, 222, 204)"
210,210,😂,2020-08-14,51,"rgb(249, 153, 145)"
211,211,🙏,2020-08-14,54,"rgb(18, 211, 33)"
212,212,👍,2020-08-14,43,"rgb(213, 136, 255)"
213,213,🤔,2020-08-14,25,"rgb(72, 121, 13)"
214,214,👏,2020-08-14,24,"rgb(254, 20, 251)"
215,215,❤️,2020-08-14,38,"rgb(120, 196, 237)"
216,216,😷,2020-08-14,49,"rgb(223, 127, 121)"
217,217,👇,2020-08-14,26,"rgb(82, 187, 133)"
218,218,🤣,2020-08-14,17,"rgb(196, 233, 222)"
219,219,🙄,2020-08-14,23,"rgb(133, 222, 204)"
220,220,😂,2020-08-21,50,"rgb(249, 153, 145)"
221,221,🙏,2020-08-21,53,"rgb(18, 211, 33)"
222,222,👍,2020-08-21,45,"rgb(213, 136, 255)"
223,223,🤔,2020-08-21,32,"rgb(72, 121, 13)"
224,224,👏,2020-08-21,25,"rgb(254, 20, 251)"
225,225,❤️,2020-08-21,28,"rgb(120, 196, 237)"
226,226,😷,2020-08-21,41,"rgb(223, 127, 121)"
227,227,👇,2020-08-21,24,"rgb(82, 187, 133)"
228,228,🤣,2020-08-21,17,"rgb(196, 233, 222)"
229,229,🙄,2020-08-21,25,"rgb(133, 222, 204)"
230,230,😂,2020-08-28,51,"rgb(249, 153, 145)"
231,231,🙏,2020-08-28,56,"rgb(18, 211, 33)"
232,232,👍,2020-08-28,43,"rgb(213, 136, 255)"
233,233,🤔,2020-08-28,25,"rgb(72, 121, 13)"
234,234,👏,2020-08-28,28,"rgb(254, 20, 251)"
235,235,❤️,2020-08-28,47,"rgb(120, 196, 237)"
236,236,😷,2020-08-28,53,"rgb(223, 127, 121)"
237,237,👇,2020-08-28,13,"rgb(82, 187, 133)"
238,238,🤣,2020-08-28,27,"rgb(196, 233, 222)"
239,239,🙄,2020-08-28,29,"rgb(133, 222, 204)"
240,240,😂,2020-09-04,71,"rgb(249, 153, 145)"
241,241,🙏,2020-09-04,49,"rgb(18, 211, 33)"
242,242,👍,2020-09-04,58,"rgb(213, 136, 255)"
243,243,🤔,2020-09-04,51,"rgb(72, 121, 13)"
244,244,👏,2020-09-04,22,"rgb(254, 20, 251)"
245,245,❤️,2020-09-04,22,"rgb(120, 196, 237)"
246,246,😷,2020-09-04,41,"rgb(223, 127, 121)"
247,247,👇,2020-09-04,28,"rgb(82, 187, 133)"
248,248,🤣,2020-09-04,28,"rgb(196, 233, 222)"
249,249,🙄,2020-09-04,37,"rgb(133, 222, 204)"
250,250,😂,2020-09-11,64,"rgb(249, 153, 145)"
251,251,🙏,2020-09-11,58,"rgb(18, 211, 33)"
252,252,👍,2020-09-11,53,"rgb(213, 136, 255)"
253,253,🤔,2020-09-11,50,"rgb(72, 121, 13)"
254,254,👏,2020-09-11,30,"rgb(254, 20, 251)"
255,255,❤️,2020-09-11,29,"rgb(120, 196, 237)"
256,256,😷,2020-09-11,51,"rgb(223, 127, 121)"
257,257,👇,2020-09-11,33,"rgb(82, 187, 133)"
258,258,🤣,2020-09-11,37,"rgb(196, 233, 222)"
259,259,🙄,2020-09-11,41,"rgb(133, 222, 204)"
260,260,😂,2020-09-18,92,"rgb(249, 153, 145)"
261,261,🙏,2020-09-18,60,"rgb(18, 211, 33)"
262,262,👍,2020-09-18,65,"rgb(213, 136, 255)"
263,263,🤔,2020-09-18,84,"rgb(72, 121, 13)"
264,264,👏,2020-09-18,30,"rgb(254, 20, 251)"
265,265,❤️,2020-09-18,42,"rgb(120, 196, 237)"
266,266,😷,2020-09-18,71,"rgb(223, 127, 121)"
267,267,👇,2020-09-18,36,"rgb(82, 187, 133)"
268,268,🤣,2020-09-18,45,"rgb(196, 233, 222)"
269,269,🙄,2020-09-18,67,"rgb(133, 222, 204)"
270,270,😂,2020-09-25,61,"rgb(249, 153, 145)"
271,271,🙏,2020-09-25,49,"rgb(18, 211, 33)"
272,272,👍,2020-09-25,45,"rgb(213, 136, 255)"
273,273,🤔,2020-09-25,54,"rgb(72, 121, 13)"
274,274,👏,2020-09-25,28,"rgb(254, 20, 251)"
275,275,❤️,2020-09-25,34,"rgb(120, 196, 237)"
276,276,😷,2020-09-25,44,"rgb(223, 127, 121)"
277,277,👇,2020-09-25,31,"rgb(82, 187, 133)"
278,278,🤣,2020-09-25,44,"rgb(196, 233, 222)"
279,279,🙄,2020-09-25,43,"rgb(133, 222, 204)"
280,280,😂,2020-10-02,117,"rgb(249, 153, 145)"
281,281,🙏,2020-10-02,95,"rgb(18, 211, 33)"
282,282,👍,2020-10-02,53,"rgb(213, 136, 255)"
283,283,🤔,2020-10-02,100,"rgb(72, 121, 13)"
284,284,👏,2020-10-02,34,"rgb(254, 20, 251)"
285,285,❤️,2020-10-02,40,"rgb(120, 196, 237)"
286,286,😷,2020-10-02,59,"rgb(223, 127, 121)"
287,287,👇,2020-10-02,38,"rgb(82, 187, 133)"
288,288,🤣,2020-10-02,55,"rgb(196, 233, 222)"
289,289,🙄,2020-10-02,58,"rgb(133, 222, 204)"
290,290,😂,2020-10-09,75,"rgb(249, 153, 145)"
291,291,🙏,2020-10-09,49,"rgb(18, 211, 33)"
292,292,👍,2020-10-09,53,"rgb(213, 136, 255)"
293,293,🤔,2020-10-09,55,"rgb(72, 121, 13)"
294,294,👏,2020-10-09,34,"rgb(254, 20, 251)"
295,295,❤️,2020-10-09,28,"rgb(120, 196, 237)"
296,296,😷,2020-10-09,60,"rgb(223, 127, 121)"
297,297,👇,2020-10-09,35,"rgb(82, 187, 133)"
298,298,🤣,2020-10-09,40,"rgb(196, 233, 222)"
299,299,🙄,2020-10-09,47,"rgb(133, 222, 204)"
300,300,😂,2020-10-16,85,"rgb(249, 153, 145)"
301,301,🙏,2020-10-16,53,"rgb(18, 211, 33)"
302,302,👍,2020-10-16,43,"rgb(213, 136, 255)"
303,303,🤔,2020-10-16,54,"rgb(72, 121, 13)"
304,304,👏,2020-10-16,39,"rgb(254, 20, 251)"
305,305,❤️,2020-10-16,40,"rgb(120, 196, 237)"
306,306,😷,2020-10-16,60,"rgb(223, 127, 121)"
307,307,👇,2020-10-16,40,"rgb(82, 187, 133)"
308,308,🤣,2020-10-16,26,"rgb(196, 233, 222)"
309,309,🙄,2020-10-16,28,"rgb(133, 222, 204)"
310,310,😂,2020-10-23,84,"rgb(249, 153, 145)"
311,311,🙏,2020-10-23,66,"rgb(18, 211, 33)"
312,312,👍,2020-10-23,32,"rgb(213, 136, 255)"
313,313,🤔,2020-10-23,46,"rgb(72, 121, 13)"
314,314,👏,2020-10-23,23,"rgb(254, 20, 251)"
315,315,❤️,2020-10-23,58,"rgb(120, 196, 237)"
316,316,😷,2020-10-23,85,"rgb(223, 127, 121)"
317,317,👇,2020-10-23,36,"rgb(82, 187, 133)"
318,318,🤣,2020-10-23,31,"rgb(196, 233, 222)"
319,319,🙄,2020-10-23,34,"rgb(133, 222, 204)"
320,320,😂,2020-10-30,74,"rgb(249, 153, 145)"
321,321,🙏,2020-10-30,54,"rgb(18, 211, 33)"
322,322,👍,2020-10-30,48,"rgb(213, 136, 255)"
323,323,🤔,2020-10-30,42,"rgb(72, 121, 13)"
324,324,👏,2020-10-30,23,"rgb(254, 20, 251)"
325,325,❤️,2020-10-30,37,"rgb(120, 196, 237)"
326,326,😷,2020-10-30,48,"rgb(223, 127, 121)"
327,327,👇,2020-10-30,47,"rgb(82, 187, 133)"
328,328,🤣,2020-10-30,33,"rgb(196, 233, 222)"
329,329,🙄,2020-10-30,46,"rgb(133, 222, 204)"
330,330,😂,2020-11-06,83,"rgb(249, 153, 145)"
331,331,🙏,2020-11-06,51,"rgb(18, 211, 33)"
332,332,👍,2020-11-06,44,"rgb(213, 136, 255)"
333,333,🤔,2020-11-06,32,"rgb(72, 121, 13)"
334,334,👏,2020-11-06,49,"rgb(254, 20, 251)"
335,335,❤️,2020-11-06,31,"rgb(120, 196, 237)"
336,336,😷,2020-11-06,38,"rgb(223, 127, 121)"
337,337,👇,2020-11-06,42,"rgb(82, 187, 133)"
338,338,🤣,2020-11-06,37,"rgb(196, 233, 222)"
339,339,🙄,2020-11-06,31,"rgb(133, 222, 204)"
340,340,😂,2020-11-13,82,"rgb(249, 153, 145)"
341,341,🙏,2020-11-13,46,"rgb(18, 211, 33)"
342,342,👍,2020-11-13,62,"rgb(213, 136, 255)"
343,343,🤔,2020-11-13,56,"rgb(72, 121, 13)"
344,344,👏,2020-11-13,33,"rgb(254, 20, 251)"
345,345,❤️,2020-11-13,32,"rgb(120, 196, 237)"
346,346,😷,2020-11-13,34,"rgb(223, 127, 121)"
347,347,👇,2020-11-13,42,"rgb(82, 187, 133)"
348,348,🤣,2020-11-13,46,"rgb(196, 233, 222)"
349,349,🙄,2020-11-13,30,"rgb(133, 222, 204)"
350,350,😂,2020-11-20,63,"rgb(249, 153, 145)"
351,351,🙏,2020-11-20,39,"rgb(18, 211, 33)"
352,352,👍,2020-11-20,40,"rgb(213, 136, 255)"
353,353,🤔,2020-11-20,54,"rgb(72, 121, 13)"
354,354,👏,2020-11-20,22,"rgb(254, 20, 251)"
355,355,❤️,2020-11-20,31,"rgb(120, 196, 237)"
356,356,😷,2020-11-20,30,"rgb(223, 127, 121)"
357,357,👇,2020-11-20,37,"rgb(82, 187, 133)"
358,358,🤣,2020-11-20,43,"rgb(196, 233, 222)"
359,359,🙄,2020-11-20,33,"rgb(133, 222, 204)"
360,360,😂,2020-11-27,60,"rgb(249, 153, 145)"
361,361,🙏,2020-11-27,49,"rgb(18, 211, 33)"
362,362,👍,2020-11-27,41,"rgb(213, 136, 255)"
363,363,🤔,2020-11-27,41,"rgb(72, 121, 13)"
364,364,👏,2020-11-27,24,"rgb(254, 20, 251)"
365,365,❤️,2020-11-27,30,"rgb(120, 196, 237)"
366,366,😷,2020-11-27,26,"rgb(223, 127, 121)"
367,367,👇,2020-11-27,39,"rgb(82, 187, 133)"
368,368,🤣,2020-11-27,39,"rgb(196, 233, 222)"
369,369,🙄,2020-11-27,30,"rgb(133, 222, 204)"
370,370,😂,2020-12-04,79,"rgb(249, 153, 145)"
371,371,🙏,2020-12-04,45,"rgb(18, 211, 33)"
372,372,👍,2020-12-04,48,"rgb(213, 136, 255)"
373,373,🤔,2020-12-04,45,"rgb(72, 121, 13)"
374,374,👏,2020-12-04,42,"rgb(254, 20, 251)"
375,375,❤️,2020-12-04,40,"rgb(120, 196, 237)"
376,376,😷,2020-12-04,46,"rgb(223, 127, 121)"
377,377,👇,2020-12-04,41,"rgb(82, 187, 133)"
378,378,🤣,2020-12-04,28,"rgb(196, 233, 222)"
379,379,🙄,2020-12-04,28,"rgb(133, 222, 204)"
380,380,😂,2020-12-11,84,"rgb(249, 153, 145)"
381,381,🙏,2020-12-11,72,"rgb(18, 211, 33)"
382,382,👍,2020-12-11,39,"rgb(213, 136, 255)"
383,383,🤔,2020-12-11,44,"rgb(72, 121, 13)"
384,384,👏,2020-12-11,34,"rgb(254, 20, 251)"
385,385,❤️,2020-12-11,42,"rgb(120, 196, 237)"
386,386,😷,2020-12-11,44,"rgb(223, 127, 121)"
387,387,👇,2020-12-11,31,"rgb(82, 187, 133)"
388,388,🤣,2020-12-11,50,"rgb(196, 233, 222)"
389,389,🙄,2020-12-11,36,"rgb(133, 222, 204)"
390,390,😂,2020-12-18,80,"rgb(249, 153, 145)"
391,391,🙏,2020-12-18,64,"rgb(18, 211, 33)"
392,392,👍,2020-12-18,62,"rgb(213, 136, 255)"
393,393,🤔,2020-12-18,57,"rgb(72, 121, 13)"
394,394,👏,2020-12-18,39,"rgb(254, 20, 251)"
395,395,❤️,2020-12-18,39,"rgb(120, 196, 237)"
396,396,😷,2020-12-18,44,"rgb(223, 127, 121)"
397,397,👇,2020-12-18,27,"rgb(82, 187, 133)"
398,398,🤣,2020-12-18,49,"rgb(196, 233, 222)"
399,399,🙄,2020-12-18,53,"rgb(133, 222, 204)"
400,400,😂,2020-12-25,91,"rgb(249, 153, 145)"
401,401,🙏,2020-12-25,69,"rgb(18, 211, 33)"
402,402,👍,2020-12-25,50,"rgb(213, 136, 255)"
403,403,🤔,2020-12-25,51,"rgb(72, 121, 13)"
404,404,👏,2020-12-25,22,"rgb(254, 20, 251)"
405,405,❤️,2020-12-25,65,"rgb(120, 196, 237)"
406,406,😷,2020-12-25,39,"rgb(223, 127, 121)"
407,407,👇,2020-12-25,36,"rgb(82, 187, 133)"
408,408,🤣,2020-12-25,44,"rgb(196, 233, 222)"
409,409,🙄,2020-12-25,41,"rgb(133, 222, 204)"
410,410,😂,2021-01-01,115,"rgb(249, 153, 145)"
411,411,🙏,2021-01-01,104,"rgb(18, 211, 33)"
412,412,👍,2021-01-01,57,"rgb(213, 136, 255)"
413,413,🤔,2021-01-01,50,"rgb(72, 121, 13)"
414,414,👏,2021-01-01,35,"rgb(254, 20, 251)"
415,415,❤️,2021-01-01,42,"rgb(120, 196, 237)"
416,416,😷,2021-01-01,85,"rgb(223, 127, 121)"
417,417,👇,2021-01-01,51,"rgb(82, 187, 133)"
418,418,🤣,2021-01-01,58,"rgb(196, 233, 222)"
419,419,🙄,2021-01-01,61,"rgb(133, 222, 204)"
420,420,😂,2021-01-08,108,"rgb(249, 153, 145)"
421,421,🙏,2021-01-08,93,"rgb(18, 211, 33)"
422,422,👍,2021-01-08,78,"rgb(213, 136, 255)"
423,423,🤔,2021-01-08,59,"rgb(72, 121, 13)"
424,424,👏,2021-01-08,48,"rgb(254, 20, 251)"
425,425,❤️,2021-01-08,42,"rgb(120, 196, 237)"
426,426,😷,2021-01-08,76,"rgb(223, 127, 121)"
427,427,👇,2021-01-08,45,"rgb(82, 187, 133)"
428,428,🤣,2021-01-08,55,"rgb(196, 233, 222)"
429,429,🙄,2021-01-08,52,"rgb(133, 222, 204)"
430,430,😂,2021-01-15,80,"rgb(249, 153, 145)"
431,431,🙏,2021-01-15,59,"rgb(18, 211, 33)"
432,432,👍,2021-01-15,53,"rgb(213, 136, 255)"
433,433,🤔,2021-01-15,40,"rgb(72, 121, 13)"
434,434,👏,2021-01-15,43,"rgb(254, 20, 251)"
435,435,❤️,2021-01-15,45,"rgb(120, 196, 237)"
436,436,😷,2021-01-15,60,"rgb(223, 127, 121)"
437,437,👇,2021-01-15,48,"rgb(82, 187, 133)"
438,438,🤣,2021-01-15,42,"rgb(196, 233, 222)"
439,439,🙄,2021-01-15,37,"rgb(133, 222, 204)"
440,440,😂,2021-01-22,70,"rgb(249, 153, 145)"
441,441,🙏,2021-01-22,77,"rgb(18, 211, 33)"
442,442,👍,2021-01-22,55,"rgb(213, 136, 255)"
443,443,🤔,2021-01-22,54,"rgb(72, 121, 13)"
444,444,👏,2021-01-22,38,"rgb(254, 20, 251)"
445,445,❤️,2021-01-22,33,"rgb(120, 196, 237)"
446,446,😷,2021-01-22,45,"rgb(223, 127, 121)"
447,447,👇,2021-01-22,42,"rgb(82, 187, 133)"
448,448,🤣,2021-01-22,27,"rgb(196, 233, 222)"
449,449,🙄,2021-01-22,27,"rgb(133, 222, 204)"
450,450,😂,2021-01-29,68,"rgb(249, 153, 145)"
451,451,🙏,2021-01-29,87,"rgb(18, 211, 33)"
452,452,👍,2021-01-29,61,"rgb(213, 136, 255)"
453,453,🤔,2021-01-29,32,"rgb(72, 121, 13)"
454,454,👏,2021-01-29,39,"rgb(254, 20, 251)"
455,455,❤️,2021-01-29,41,"rgb(120, 196, 237)"
456,456,😷,2021-01-29,47,"rgb(223, 127, 121)"
457,457,👇,2021-01-29,26,"rgb(82, 187, 133)"
458,458,🤣,2021-01-29,45,"rgb(196, 233, 222)"
459,459,🙄,2021-01-29,34,"rgb(133, 222, 204)"
460,460,😂,2021-02-05,48,"rgb(249, 153, 145)"
461,461,🙏,2021-02-05,60,"rgb(18, 211, 33)"
462,462,👍,2021-02-05,52,"rgb(213, 136, 255)"
463,463,🤔,2021-02-05,32,"rgb(72, 121, 13)"
464,464,👏,2021-02-05,26,"rgb(254, 20, 251)"
465,465,❤️,2021-02-05,23,"rgb(120, 196, 237)"
466,466,😷,2021-02-05,47,"rgb(223, 127, 121)"
467,467,👇,2021-02-05,19,"rgb(82, 187, 133)"
468,468,🤣,2021-02-05,33,"rgb(196, 233, 222)"
469,469,🙄,2021-02-05,20,"rgb(133, 222, 204)"
470,470,😂,2021-02-12,65,"rgb(249, 153, 145)"
471,471,🙏,2021-02-12,55,"rgb(18, 211, 33)"
472,472,👍,2021-02-12,47,"rgb(213, 136, 255)"
473,473,🤔,2021-02-12,32,"rgb(72, 121, 13)"
474,474,👏,2021-02-12,35,"rgb(254, 20, 251)"
475,475,❤️,2021-02-12,54,"rgb(120, 196, 237)"
476,476,😷,2021-02-12,40,"rgb(223, 127, 121)"
477,477,👇,2021-02-12,32,"rgb(82, 187, 133)"
478,478,🤣,2021-02-12,43,"rgb(196, 233, 222)"
479,479,🙄,2021-02-12,30,"rgb(133, 222, 204)"
480,480,😂,2021-02-19,63,"rgb(249, 153, 145)"
481,481,🙏,2021-02-19,43,"rgb(18, 211, 33)"
482,482,👍,2021-02-19,56,"rgb(213, 136, 255)"
483,483,🤔,2021-02-19,42,"rgb(72, 121, 13)"
484,484,👏,2021-02-19,23,"rgb(254, 20, 251)"
485,485,❤️,2021-02-19,29,"rgb(120, 196, 237)"
486,486,😷,2021-02-19,20,"rgb(223, 127, 121)"
487,487,👇,2021-02-19,25,"rgb(82, 187, 133)"
488,488,🤣,2021-02-19,42,"rgb(196, 233, 222)"
489,489,🙄,2021-02-19,26,"rgb(133, 222, 204)"
490,490,😂,2021-02-26,50,"rgb(249, 153, 145)"
491,491,🙏,2021-02-26,42,"rgb(18, 211, 33)"
492,492,👍,2021-02-26,39,"rgb(213, 136, 255)"
493,493,🤔,2021-02-26,35,"rgb(72, 121, 13)"
494,494,👏,2021-02-26,28,"rgb(254, 20, 251)"
495,495,❤️,2021-02-26,28,"rgb(120, 196, 237)"
496,496,😷,2021-02-26,16,"rgb(223, 127, 121)"
497,497,👇,2021-02-26,25,"rgb(82, 187, 133)"
498,498,🤣,2021-02-26,31,"rgb(196, 233, 222)"
499,499,🙄,2021-02-26,30,"rgb(133, 222, 204)"
500,500,😂,2021-03-05,50,"rgb(249, 153, 145)"
501,501,🙏,2021-03-05,47,"rgb(18, 211, 33)"
502,502,👍,2021-03-05,48,"rgb(213, 136, 255)"
503,503,🤔,2021-03-05,28,"rgb(72, 121, 13)"
504,504,👏,2021-03-05,26,"rgb(254, 20, 251)"
505,505,❤️,2021-03-05,28,"rgb(120, 196, 237)"
506,506,😷,2021-03-05,19,"rgb(223, 127, 121)"
507,507,👇,2021-03-05,22,"rgb(82, 187, 133)"
508,508,🤣,2021-03-05,47,"rgb(196, 233, 222)"
509,509,🙄,2021-03-05,19,"rgb(133, 222, 204)"
510,510,😂,2021-03-12,47,"rgb(249, 153, 145)"
511,511,🙏,2021-03-12,36,"rgb(18, 211, 33)"
512,512,👍,2021-03-12,42,"rgb(213, 136, 255)"
513,513,🤔,2021-03-12,39,"rgb(72, 121, 13)"
514,514,👏,2021-03-12,28,"rgb(254, 20, 251)"
515,515,❤️,2021-03-12,28,"rgb(120, 196, 237)"
516,516,😷,2021-03-12,35,"rgb(223, 127, 121)"
517,517,👇,2021-03-12,18,"rgb(82, 187, 133)"
518,518,🤣,2021-03-12,38,"rgb(196, 233, 222)"
519,519,🙄,2021-03-12,27,"rgb(133, 222, 204)"
520,520,😂,2021-03-19,148,"rgb(249, 153, 145)"
521,521,🙏,2021-03-19,119,"rgb(18, 211, 33)"
522,522,👍,2021-03-19,94,"rgb(213, 136, 255)"
523,523,🤔,2021-03-19,73,"rgb(72, 121, 13)"
524,524,👏,2021-03-19,72,"rgb(254, 20, 251)"
525,525,❤️,2021-03-19,74,"rgb(120, 196, 237)"
526,526,😷,2021-03-19,55,"rgb(223, 127, 121)"
527,527,👇,2021-03-19,79,"rgb(82, 187, 133)"
528,528,🤣,2021-03-19,60,"rgb(196, 233, 222)"
529,529,🙄,2021-03-19,54,"rgb(133, 222, 204)"
